Count_Nuclei,Count_RO_PositiveNuclei,Count_h2AX,Group,FileName_DAPI,FileName_Green,ImageNumber,Math_PercentPositiveNuclei,Mean_Nuclei_Children_RO_PositiveNuclei_Count,Mean_Nuclei_Parent_h2AX,Mean_RO_PositiveNuclei_Location_Center_X,Mean_RO_PositiveNuclei_Location_Center_Y,Mean_RO_PositiveNuclei_Location_Center_Z,Mean_RO_PositiveNuclei_Parent_Nuclei,Mean_h2AX_Children_Nuclei_Count,Mean_h2AX_Intensity_IntegratedIntensityEdge_FilteredMaskedGreen,Mean_h2AX_Intensity_IntegratedIntensity_FilteredMaskedGreen,Mean_h2AX_Intensity_LowerQuartileIntensity_FilteredMaskedGreen,Mean_h2AX_Intensity_MADIntensity_FilteredMaskedGreen,Mean_h2AX_Intensity_MassDisplacement_FilteredMaskedGreen,Mean_h2AX_Intensity_MaxIntensityEdge_FilteredMaskedGreen,Mean_h2AX_Intensity_MaxIntensity_FilteredMaskedGreen,Mean_h2AX_Intensity_MeanIntensityEdge_FilteredMaskedGreen,Mean_h2AX_Intensity_MeanIntensity_FilteredMaskedGreen,Mean_h2AX_Intensity_MedianIntensity_FilteredMaskedGreen,Mean_h2AX_Intensity_MinIntensityEdge_FilteredMaskedGreen,Mean_h2AX_Intensity_MinIntensity_FilteredMaskedGreen,Mean_h2AX_Intensity_StdIntensityEdge_FilteredMaskedGreen,Mean_h2AX_Intensity_StdIntensity_FilteredMaskedGreen,Mean_h2AX_Intensity_UpperQuartileIntensity_FilteredMaskedGreen,Mean_h2AX_Location_CenterMassIntensity_X_FilteredMaskedGreen,Mean_h2AX_Location_CenterMassIntensity_Y_FilteredMaskedGreen,Mean_h2AX_Location_CenterMassIntensity_Z_FilteredMaskedGreen,Mean_h2AX_Location_Center_X,Mean_h2AX_Location_Center_Y,Mean_h2AX_Location_Center_Z,Mean_h2AX_Location_MaxIntensity_X_FilteredMaskedGreen,Mean_h2AX_Location_MaxIntensity_Y_FilteredMaskedGreen,Mean_h2AX_Location_MaxIntensity_Z_FilteredMaskedGreen,Mean_h2AX_Mean_Nuclei_Location_Center_X,Mean_h2AX_Mean_Nuclei_Location_Center_Y,Mean_h2AX_Mean_Nuclei_Location_Center_Z,Mean_h2AX_Mean_Nuclei_Number_Object_Number,Threshold_FinalThreshold_Nuclei,Threshold_FinalThreshold_h2AX,Threshold_OrigThreshold_Nuclei,Threshold_OrigThreshold_h2AX,Threshold_SumOfEntropies_Nuclei,Threshold_SumOfEntropies_h2AX,Threshold_WeightedVariance_Nuclei,Threshold_WeightedVariance_h2AX
15,1,8,PGVG,E21_PGVG_10_DAPI.TIF,E21_PGVG_10_FITC.TIF,1,6.666666667,0.066666667,0.266666667,804.1719577,782.1927438,0,13,0.125,1.010467717,2.083367672,0.060496298,0.018581669,0.07935993,0.094773779,0.140932327,0.064568097,0.078870972,0.075650414,0.035011828,0.035011828,0.016152702,0.026520839,0.097835118,796.2964148,781.0754621,0,796.315922,781.0843906,0,796,781,0,804.1719577,782.1927438,0,13,0.062767096,0.05,0.062767096,0.05,-12.02407504,-12.22873488,0.029052466,2.528066647
31,8,35,PGVG,E21_PGVG_12_DAPI.TIF,E21_PGVG_12_FITC.TIF,3,25.80645161,0.258064516,4.064516129,740.0856812,611.4514774,0,15.125,0.228571429,0.864651152,1.845368548,0.067153645,0.024802451,0.125188039,0.110634012,0.161520676,0.073994387,0.092989599,0.090454606,0.042890933,0.042890933,0.020588744,0.03498244,0.123402325,653.0017927,626.7160795,0,653.0233602,626.7519541,0,652.9142857,626.6,0,740.0856812,611.4514774,0,15.125,0.065329179,0.05,0.065329179,0.05,-12.22771698,-12.569459,0.056243018,2.075829141
23,6,27,PGVG,E21_PGVG_13_DAPI.TIF,E21_PGVG_13_FITC.TIF,4,26.08695652,0.260869565,3.434782609,921.3280888,651.175184,0,15.66666667,0.222222222,0.697954439,1.405389831,0.06514698,0.02029902,0.096099076,0.098991493,0.134392423,0.070123327,0.083770538,0.082311683,0.045978255,0.045978255,0.016520956,0.026536852,0.107429169,880.3920832,691.125606,0,880.3936477,691.136005,0,880.4814815,691.037037,0,921.3280888,651.175184,0,15.66666667,0.053613767,0.05,0.053613767,0.05,-12.4239151,-12.39265794,0.037350639,2.139096487
21,8,57,PGVG,E21_PGVG_2_DAPI.TIF,E21_PGVG_2_FITC.TIF,7,38.0952381,0.380952381,12.52380952,749.8952258,623.4005129,0,12.25,0.140350877,0.889229416,1.973743251,0.063974923,0.026151822,0.118764647,0.108150595,0.156875596,0.070886138,0.089399146,0.088206249,0.039581369,0.039581369,0.020444538,0.033784299,0.116800585,580.316359,610.0220054,0,580.3111611,610.0088829,0,580.122807,610.1403509,0,749.8952258,623.4005129,0,12.25,0.086008549,0.05,0.086008549,0.05,-12.24087738,-12.74461056,0.049459908,2.634115568
20,8,82,PGVG,E21_PGVG_3_DAPI.TIF,E21_PGVG_3_FITC.TIF,8,40,0.4,7.05,658.5048653,631.7605892,0,10,0.097560976,0.846326387,1.818775665,0.065560203,0.020065615,0.117574803,0.099796235,0.145454948,0.070004678,0.085775563,0.083459035,0.043084776,0.043084776,0.016406257,0.028486774,0.108917968,874.732846,838.794305,0,874.7400608,838.7869651,0,874.6829268,838.8414634,0,658.5048653,631.7605892,0,10,0.053875551,0.05,0.053875551,0.05,-12.37591274,-12.39790502,0.032730529,1.683121007
16,8,16,PGVG,E21_PGVG_8_DAPI.TIF,E21_PGVG_8_FITC.TIF,12,50,0.5,4.375,646.5654791,442.0331851,0,9.125,0.5,0.820363167,2.334863041,0.065596627,0.030775541,0.109030555,0.104158085,0.211604487,0.068788732,0.100918599,0.089763106,0.040154114,0.040154114,0.018830514,0.048567675,0.136702717,679.0794841,413.9667848,0,679.0763943,413.9879821,0,679.125,414,0,646.5654791,442.0331851,0,9.125,0.067067988,0.05,0.067067988,0.05,-12.26352129,-12.63942512,0.03916926,1.753287004
44,14,61,PGVG,E22_PGVG_144_DAPI.TIF,E22_PGVG_144_FITC.TIF,14,31.81818182,0.318181818,9.5,685.8892616,443.1291173,0,22.28571429,0.229508197,0.804958932,1.711142711,0.0666369,0.024888216,0.102199389,0.106173773,0.157487116,0.072155263,0.090274308,0.087482224,0.041041266,0.041041266,0.019494702,0.033522919,0.119120178,647.7167786,488.3134933,0,647.7278301,488.296369,0,647.6885246,488.2622951,0,685.8892616,443.1291173,0,22.28571429,0.048643555,0.05,0.048643555,0.05,-12.13100942,-12.48273662,0.065054649,1.676837624
54,12,53,PGVG,E22_PGVG_145_DAPI.TIF,E22_PGVG_145_FITC.TIF,15,22.22222222,0.222222222,4.018518519,661.3136726,315.0892921,0,19.41666667,0.226415094,0.876876665,1.767609685,0.067648715,0.024500235,0.112738866,0.119381978,0.157089613,0.076008497,0.091973462,0.090652984,0.042756354,0.042756354,0.022702418,0.0331131,0.121282159,598.3902167,422.9237704,0,598.3862777,422.9440077,0,598.245283,422.8867925,0,661.3136726,315.0892921,0,19.41666667,0.059919138,0.05,0.059919138,0.05,-12.15938172,-12.45337735,0.07166537,1.828631119
33,5,11,PGVG,E22_PGVG_146_DAPI.TIF,E22_PGVG_146_FITC.TIF,16,15.15151515,0.151515152,1,401.6488566,306.4897256,0,11.6,0.454545455,1.28551435,6.602967139,0.068454746,0.038968765,0.112051368,0.104954328,0.261273285,0.067428583,0.118020771,0.099233582,0.042869528,0.042869528,0.016564572,0.060511356,0.164705883,618.8067045,264.3732081,0,618.8395171,264.3666124,0,618.5454545,264.1818182,0,401.6488566,306.4897256,0,11.6,0.048643555,0.05,0.048643555,0.05,-12.09131127,-12.56606421,0.054746899,0.659319922
39,10,21,PGVG,E22_PGVG_147_DAPI.TIF,E22_PGVG_147_FITC.TIF,17,25.64102564,0.256410256,2.58974359,574.4497437,610.7235258,0,22.3,0.476190476,0.787255077,2.291012788,0.065424873,0.026382121,0.082146736,0.096140556,0.176632625,0.06846219,0.094010272,0.088229117,0.047512234,0.047512234,0.014849717,0.037431537,0.125209722,522.2904661,683.0360372,0,522.2953255,683.0128735,0,522.2857143,683.1904762,0,574.4497437,610.7235258,0,22.3,0.04736001,0.05,0.04736001,0.05,-12.24425023,-12.45339276,0.058356478,1.141122156
38,2,41,PGVG,E22_PGVG_148_DAPI.TIF,E22_PGVG_148_FITC.TIF,18,5.263157895,0.052631579,1.921052632,778.7974451,540.7139585,0,18.5,0.048780488,0.932076149,2.177114081,0.065771223,0.029589104,0.130308689,0.114143439,0.178133079,0.072717747,0.096122952,0.092128763,0.04041929,0.04041929,0.021377322,0.039136175,0.128249101,525.1256765,464.4697595,0,525.1207441,464.4605611,0,525.1219512,464.5365854,0,778.7974451,540.7139585,0,18.5,0.048510697,0.05,0.048510697,0.05,-12.34107245,-12.62085734,0.067898905,1.816268641
34,8,50,PGVG,E22_PGVG_149_DAPI.TIF,E22_PGVG_149_FITC.TIF,19,23.52941176,0.235294118,7.323529412,346.123332,477.5602131,0,15.75,0.16,0.819261759,1.793617446,0.068491034,0.025099871,0.116704553,0.111007552,0.167132679,0.074262148,0.092965178,0.088091553,0.045302206,0.045302206,0.019578124,0.034853947,0.122536965,460.2991844,320.6507863,0,460.2974909,320.6502841,0,460.36,320.66,0,346.123332,477.5602131,0,15.75,0.049298264,0.05,0.049298264,0.05,-12.52874746,-12.54424508,0.066210961,1.699602429
31,9,43,PGVG,E22_PGVG_150_DAPI.TIF,E22_PGVG_150_FITC.TIF,20,29.03225806,0.290322581,4.774193548,533.3742928,477.2092057,0,15.33333333,0.209302326,0.841686218,2.007702599,0.064522951,0.024352691,0.103300273,0.105889094,0.164364505,0.070589974,0.090473377,0.085946616,0.045261806,0.045261806,0.017749823,0.034109604,0.1181137,554.7178003,610.1538253,0,554.72352,610.1369986,0,554.7209302,610.2093023,0,533.3742928,477.2092057,0,15.33333333,0.045661494,0.05,0.045661494,0.05,-12.30933114,-12.48258522,0.048316044,1.502381865
61,18,78,PGVG,E22_PGVG_151_DAPI.TIF,E22_PGVG_151_FITC.TIF,21,29.50819672,0.295081967,9.573770492,684.9947487,448.9263134,0,29.11111111,0.230769231,0.892771719,1.975186473,0.067018994,0.025408227,0.130547461,0.114835486,0.17134082,0.07387641,0.093544909,0.0903248,0.039867521,0.039867521,0.021806831,0.036523467,0.124422259,708.3804096,539.1407268,0,708.3928461,539.1303766,0,708.3076923,539.0512821,0,684.9947487,448.9263134,0,29.11111111,0.04771699,0.05,0.04771699,0.05,-12.23260525,-12.5327484,0.077722669,1.298317423
39,12,34,PGVG,E22_PGVG_152_DAPI.TIF,E22_PGVG_152_FITC.TIF,22,30.76923077,0.307692308,6.333333333,828.7677556,584.4813786,0,21.08333333,0.352941176,0.795004016,1.706549269,0.067014034,0.020332199,0.094148242,0.1031833,0.144648346,0.072874152,0.087491491,0.085655173,0.048304679,0.048304679,0.016532165,0.02773881,0.111027787,896.3350158,492.7881202,0,896.3474209,492.7790992,0,896.2058824,492.7941176,0,828.7677556,584.4813786,0,21.08333333,0.041478254,0.05,0.041478254,0.05,-12.47332313,-12.36279237,0.05978917,1.981596012
30,7,13,PGVG,E22_PGVG_153_DAPI.TIF,E22_PGVG_153_FITC.TIF,23,23.33333333,0.233333333,1.4,548.9455101,579.3309084,0,16.71428571,0.538461538,0.813113362,2.307807333,0.067306373,0.025452044,0.113139453,0.104869393,0.177464773,0.072849839,0.095253881,0.088694822,0.04543902,0.04543902,0.018592367,0.038092802,0.127107655,504.4948398,633.1971165,0,504.4836008,633.2248363,0,504.3846154,632.8461538,0,548.9455101,579.3309084,0,16.71428571,0.046112113,0.05,0.046112113,0.05,-12.26135717,-12.4335251,0.043851828,1.722079059
51,16,95,PGVG,E22_PGVG_154_DAPI.TIF,E22_PGVG_154_FITC.TIF,24,31.37254902,0.31372549,14.52941176,778.8765552,501.91646,0,23.5,0.168421053,0.863377949,2.046695502,0.065135786,0.026961565,0.119567149,0.111575253,0.172089642,0.070763054,0.092266161,0.088112017,0.03913891,0.03913891,0.02100337,0.037324695,0.12244289,760.5575137,490.2008206,0,760.5632638,490.2042955,0,760.5473684,490.2105263,0,778.8765552,501.91646,0,23.5,0.050541751,0.05,0.050541751,0.05,-12.35344058,-12.72629049,0.069842928,1.746825866
16,2,4,PGVG,E22_PGVG_155_DAPI.TIF,E22_PGVG_155_FITC.TIF,25,12.5,0.125,0.3125,899.2936693,313.0590611,0,3,0.5,0.892027172,3.940199939,0.063168537,0.043999382,0.102937882,0.10476844,0.310505848,0.069931411,0.123365723,0.102395663,0.038818958,0.038818958,0.020911636,0.07638715,0.174376292,841.9131805,279.9245982,0,841.9221841,279.9529533,0,842,280,0,899.2936693,313.0590611,0,3,0.047912076,0.05,0.047912076,0.05,-12.38295849,-12.30192937,0.029902759,1.272504465
39,11,49,PGVG,E22_PGVG_156_DAPI.TIF,E22_PGVG_156_FITC.TIF,26,28.20512821,0.282051282,8.769230769,699.2051831,446.6878349,0,18.72727273,0.224489796,0.913564482,2.612226519,0.066810537,0.026394992,0.123155126,0.106377182,0.177610969,0.071701677,0.095217987,0.090505307,0.039959952,0.039959952,0.019451915,0.038717472,0.124083875,841.8998705,362.1588005,0,841.8976345,362.1753957,0,841.877551,362.1836735,0,699.2051831,446.6878349,0,18.72727273,0.05184485,0.05,0.05184485,0.05,-12.43663025,-12.46740299,0.055163894,0.844853445
30,12,51,PGVG,E22_PGVG_157_DAPI.TIF,E22_PGVG_157_FITC.TIF,27,40,0.4,8.533333333,663.7784269,460.4438191,0,11.66666667,0.235294118,0.777543514,1.627307079,0.067233046,0.020337583,0.123971367,0.103116281,0.147397368,0.072272019,0.087581363,0.084972406,0.04602121,0.04602121,0.017404668,0.029244189,0.111954246,650.5256268,506.957531,0,650.513108,506.9691179,0,650.6078431,506.8823529,0,663.7784269,460.4438191,0,11.66666667,0.058689892,0.05,0.058689892,0.05,-12.46594117,-12.54028518,0.055334585,2.339487238
35,10,28,PGVG,E22_PGVG_158_DAPI.TIF,E22_PGVG_158_FITC.TIF,28,28.57142857,0.285714286,3.2,554.0262737,580.651059,0,17.8,0.357142857,0.798138395,1.622707592,0.06589118,0.022378446,0.084466649,0.10231174,0.153289955,0.072342496,0.088854301,0.086891409,0.04853459,0.04853459,0.016519429,0.029929188,0.113033383,641.7620638,660.5196782,0,641.7602726,660.5092078,0,641.8214286,660.5714286,0,554.0262737,580.651059,0,17.8,0.054305606,0.05,0.054305606,0.05,-12.33611854,-12.38630164,0.054640848,2.466317697
20,5,12,PGVG,E22_PGVG_24_DAPI.TIF,E22_PGVG_24_FITC.TIF,38,25,0.25,1.4,640.7431782,464.4967634,0,10.6,0.416666667,0.816907005,2.091264208,0.066777295,0.031804889,0.106221304,0.111696041,0.184069585,0.073467296,0.100893502,0.094753436,0.04750642,0.04750642,0.019985947,0.042741792,0.137580424,573.884982,519.4985435,0,573.905406,519.5041734,0,573.8333333,519.5833333,0,640.7431782,464.4967634,0,10.6,0.098287113,0.05,0.098287113,0.05,-12.25517962,-12.65537445,0.043736947,2.515873352
30,12,96,50mg,E23_NIC3_25_DAPI.TIF,E23_NIC3_25_FITC.TIF,39,40,0.4,23.56666667,678.0487579,570.361709,0,15,0.125,0.784749244,1.525408818,0.063136748,0.021742515,0.119665815,0.104830115,0.14332863,0.069481511,0.084212111,0.08134807,0.041419343,0.041355128,0.018544235,0.029543262,0.110087644,641.9258416,461.7437235,0,641.9125698,461.7379994,0,641.9791667,461.6979167,0,678.0487579,570.361709,0,15,0.061939109,0.05,0.061939109,0.05,-12.17304659,-12.4812894,0.045475936,2.143412005
39,9,35,50mg,E23_NIC3_26_DAPI.TIF,E23_NIC3_26_FITC.TIF,40,23.07692308,0.230769231,2.692307692,575.3267367,533.238683,0,19,0.257142857,0.755553516,1.555909263,0.065755048,0.025597663,0.106701527,0.112081442,0.162417025,0.07235512,0.090985496,0.087313865,0.041298759,0.041298759,0.020847262,0.035078835,0.121669773,420.5373379,683.4045345,0,420.5366247,683.3944983,0,420.4285714,683.5428571,0,575.3267367,533.238683,0,19,0.04997097,0.05,0.04997097,0.05,-12.31635419,-12.54507276,0.053368158,1.643187805
54,10,63,50mg,E23_NIC3_27_DAPI.TIF,E23_NIC3_27_FITC.TIF,41,18.51851852,0.185185185,6.462962963,590.234704,435.868821,0,21.7,0.158730159,0.832788006,1.826938959,0.067616845,0.022412355,0.094839599,0.107025328,0.149997638,0.073456547,0.088932719,0.087135798,0.04518608,0.04518608,0.018452251,0.029544235,0.114365886,445.7267455,348.13539,0,445.7254383,348.1296929,0,445.6984127,348.1269841,0,590.234704,435.868821,0,21.7,0.051933661,0.05,0.051933661,0.05,-12.36943379,-12.63087463,0.07113711,2.42611881
21,7,36,50mg,E23_NIC3_28_DAPI.TIF,E23_NIC3_28_FITC.TIF,42,33.33333333,0.333333333,10.19047619,702.6282791,440.9837242,0,10.14285714,0.194444444,0.76744064,1.509083353,0.06397472,0.022588438,0.117332868,0.103791866,0.15786306,0.070470506,0.087199695,0.082530963,0.042526894,0.042526894,0.01866275,0.033026738,0.114994954,363.95446,135.6096064,0,363.9383024,135.6364449,0,363.9444444,135.7222222,0,702.6282791,440.9837242,0,10.14285714,0.045501925,0.05,0.045501925,0.05,-12.29535257,-12.56196883,0.029888004,2.284944598
28,15,138,50mg,E23_NIC3_29_DAPI.TIF,E23_NIC3_29_FITC.TIF,43,53.57142857,0.535714286,28.85714286,622.1506565,613.0548369,0,15.73333333,0.108695652,0.978835292,2.405272104,0.063499534,0.027988362,0.130989908,0.112221924,0.171744051,0.069291808,0.091182835,0.087857689,0.031477368,0.031316375,0.0226206,0.038120437,0.122895388,567.302529,720.2224107,0,567.3048884,720.2201274,0,567.326087,720.2463768,0,622.1506565,613.0548369,0,15.73333333,0.074297905,0.05,0.074297905,0.05,-12.24164687,-13.00094591,0.047482208,2.77770979
21,9,55,50mg,E23_NIC3_31_DAPI.TIF,E23_NIC3_31_FITC.TIF,45,42.85714286,0.428571429,10.57142857,643.7218491,707.358199,0,12.88888889,0.163636364,0.961441546,2.088721464,0.066787904,0.019727418,0.126107474,0.101162323,0.146392282,0.070713495,0.086106098,0.083918515,0.040225003,0.040140662,0.017661482,0.028413075,0.109028763,479.8880159,726.9700992,0,479.9115574,726.9801976,0,479.8181818,726.9272727,0,643.7218491,707.358199,0,12.88888889,0.06816861,0.05,0.06816861,0.05,-12.30227838,-12.73939936,0.031845889,3.04220766
21,10,92,50mg,E23_NIC3_32_DAPI.TIF,E23_NIC3_32_FITC.TIF,46,47.61904762,0.476190476,27.23809524,732.9829446,514.1981495,0,11,0.108695652,0.908098899,2.095433919,0.066385704,0.027592619,0.13431319,0.1114174,0.171935343,0.072650603,0.093906326,0.090119451,0.039857228,0.039812115,0.021060138,0.037313981,0.125067089,562.7294568,363.9274526,0,562.7252442,363.9342038,0,562.6956522,363.8043478,0,732.9829446,514.1981495,0,11,0.074763842,0.05,0.074763842,0.05,-12.26152301,-12.85629124,0.036058924,2.7449415
15,8,58,50mg,E23_NIC3_33_DAPI.TIF,E23_NIC3_33_FITC.TIF,47,53.33333333,0.533333333,16.53333333,764.6017107,473.9286268,0,9.125,0.137931034,0.877241177,1.681438988,0.06661826,0.020675974,0.127864799,0.105740814,0.140487185,0.072894239,0.085930662,0.084802804,0.044323776,0.044303781,0.018248965,0.027598184,0.10916778,815.1521897,474.0893393,0,815.1535309,474.0855506,0,815.2758621,474.137931,0,764.6017107,473.9286268,0,9.125,0.061358616,0.05,0.061358616,0.05,-12.39138641,-12.66771773,0.028180139,3.558369142
31,14,66,50mg,E23_NIC3_34_DAPI.TIF,E23_NIC3_34_FITC.TIF,48,45.16129032,0.451612903,11.5483871,581.9636115,470.0491514,0,14.92857143,0.212121212,0.788891421,1.566009355,0.064842288,0.020826716,0.117051436,0.103877872,0.147551042,0.071430429,0.08559472,0.083725327,0.042371067,0.042371067,0.018335029,0.029540978,0.109950963,489.3764257,627.1203203,0,489.3812603,627.1230938,0,489.3333333,627.0151515,0,581.9636115,470.0491514,0,14.92857143,0.054157905,0.05,0.054157905,0.05,-12.20994057,-12.36181037,0.037519613,1.659399554
34,32,200,50mg,E23_NIC3_35_DAPI.TIF,E23_NIC3_35_FITC.TIF,49,94.11764706,0.941176471,99.52941176,619.6234615,586.9515816,0,17.8125,0.16,1.216224688,2.553352958,0.089670158,0.029090064,0.133827291,0.150650795,0.205453957,0.098240242,0.117718558,0.11491619,0.05331159,0.053311514,0.027742356,0.041307061,0.150547532,546.8835333,565.0680953,0,546.8862485,565.0714786,0,546.885,565.125,0,619.6234615,586.9515816,0,17.8125,0.063880347,0.06993936,0.063880347,0.06993936,-12.23617744,-12.63189012,0.049858401,2.322080788
17,4,16,50mg,E24_NIC3_136_DAPI.TIF,E24_NIC3_136_FITC.TIF,50,23.52941176,0.235294118,1.411764706,972.7599059,540.7753325,0,9,0.25,1.254589073,2.749969356,0.068820082,0.028423736,0.137009245,0.131929497,0.177363254,0.078642701,0.097489307,0.099126416,0.03670939,0.03670939,0.028004349,0.038186658,0.12767986,1065.360815,624.7355273,0,1065.397487,624.7550626,0,1065.3125,625.125,0,972.7599059,540.7753325,0,9,0.05639657,0.05,0.05639657,0.05,-12.24321509,-12.54881965,0.028199772,2.28876603
17,12,45,50mg,E24_NIC3_137_DAPI.TIF,E24_NIC3_137_FITC.TIF,51,70.58823529,0.705882353,17.64705882,538.2601057,497.57283,0,8.416666667,0.266666667,1.165272477,3.247381594,0.065166532,0.024390018,0.148954095,0.12710833,0.169588086,0.072380108,0.092109078,0.086885547,0.041402809,0.041402809,0.024084988,0.034916317,0.120276695,555.1769587,444.4277591,0,555.1494913,444.411502,0,555.2888889,444.5777778,0,538.2601057,497.57283,0,8.416666667,0.057530507,0.05,0.057530507,0.05,-12.34743775,-12.59228294,0.03521123,1.552303562
25,17,68,50mg,E24_NIC3_138_DAPI.TIF,E24_NIC3_138_FITC.TIF,52,68,0.68,25.16,742.5662121,597.488018,0,14.11764706,0.25,0.987745207,2.505639089,0.069307598,0.029799074,0.137516898,0.128769092,0.18631535,0.07771926,0.099322334,0.094102388,0.041735218,0.041735218,0.025652919,0.040603036,0.134370942,819.3110831,573.6038725,0,819.2893044,573.5847606,0,819.3823529,573.6323529,0,742.5662121,597.488018,0,14.11764706,0.060585588,0.05,0.060585588,0.05,-12.40448184,-12.72730445,0.04442398,1.411485386
21,11,44,50mg,E24_NIC3_139_DAPI.TIF,E24_NIC3_139_FITC.TIF,53,52.38095238,0.523809524,14.9047619,491.7630145,679.4112242,0,11.27272727,0.25,0.93839101,3.085927371,0.066255021,0.028238207,0.134792652,0.105892064,0.195048793,0.071172289,0.099170191,0.091668575,0.040482184,0.040482184,0.019345217,0.044455302,0.134220088,565.2671981,523.5729666,0,565.3070164,523.5801288,0,565.1590909,523.6590909,0,491.7630145,679.4112242,0,11.27272727,0.057621405,0.05,0.057621405,0.05,-12.21627939,-12.71263077,0.037170483,1.094839003
61,29,120,50mg,E24_NIC3_140_DAPI.TIF,E24_NIC3_140_FITC.TIF,54,47.54098361,0.475409836,26.93442623,747.4163067,594.0444706,0,29.79310345,0.241666667,0.96469519,3.180913489,0.066110477,0.028562347,0.126872747,0.107486073,0.191303119,0.071245382,0.098313584,0.090800337,0.040754304,0.040754304,0.019710812,0.042647145,0.132273592,812.6696318,598.837801,0,812.6916324,598.8519048,0,812.6833333,598.8416667,0,747.4163067,594.0444706,0,29.79310345,0.070401013,0.05,0.070401013,0.05,-12.36132646,-12.89386797,0.088489659,1.150849253
29,13,56,50mg,E24_NIC3_141_DAPI.TIF,E24_NIC3_141_FITC.TIF,55,44.82758621,0.448275862,12.96551724,840.8095381,348.5295926,0,12.07692308,0.232142857,0.79683048,1.879999788,0.066833154,0.026016086,0.107065384,0.107608803,0.16867977,0.07277901,0.09347742,0.089283261,0.042611909,0.042611909,0.019523467,0.035911432,0.124476017,865.3855564,326.4050496,0,865.4160981,326.4124984,0,865.2857143,326.3214286,0,840.8095381,348.5295926,0,12.07692308,0.058610857,0.05,0.058610857,0.05,-12.40496216,-12.72256405,0.045087604,2.226223577
21,12,49,50mg,E24_NIC3_142_DAPI.TIF,E24_NIC3_142_FITC.TIF,56,57.14285714,0.571428571,15.0952381,630.9391389,501.0876613,0,11.41666667,0.244897959,0.798716987,1.740635858,0.063992288,0.019864752,0.10623716,0.101509242,0.138924365,0.069231067,0.083878921,0.080941947,0.046076018,0.046076018,0.0163352,0.027187338,0.108204524,639.4562766,443.1245944,0,639.4379398,443.1226347,0,639.5102041,443.1020408,0,630.9391389,501.0876613,0,11.41666667,0.056054138,0.05,0.056054138,0.05,-12.40464874,-12.4811807,0.033698593,2.670595343
25,14,67,25mg,E25_NIC2_36_DAPI.TIF,E25_NIC2_36_FITC.TIF,58,56,0.56,16.12,416.8322913,488.594289,0,11.28571429,0.208955224,0.783002813,1.620349606,0.063704594,0.022461736,0.115318141,0.107165704,0.145357898,0.071081945,0.085594314,0.083762918,0.042613211,0.042613211,0.019672002,0.029985685,0.111107543,338.4950113,536.9005376,0,338.5112416,536.8990995,0,338.5223881,536.880597,0,416.8322913,488.594289,0,11.28571429,0.062334657,0.05,0.062334657,0.05,-12.23727046,-12.4700572,0.035517451,2.062214209
24,9,62,25mg,E25_NIC2_37_DAPI.TIF,E25_NIC2_37_FITC.TIF,59,37.5,0.375,13.45833333,638.6360653,714.7844477,0,14.33333333,0.14516129,0.895581516,1.921616856,0.06343569,0.022553817,0.12315722,0.107775951,0.157446526,0.069220416,0.086653139,0.083407783,0.036533052,0.036485798,0.020395733,0.033008988,0.113659039,749.6638144,670.1144347,0,749.6661789,670.1141326,0,749.5322581,670.1774194,0,638.6360653,714.7844477,0,14.33333333,0.05285272,0.05,0.05285272,0.05,-12.26509226,-12.78459489,0.038273742,2.880787639
15,9,36,25mg,E25_NIC2_39_DAPI.TIF,E25_NIC2_39_FITC.TIF,61,60,0.6,9.6,529.6765578,449.1074128,0,7.111111111,0.25,0.88946704,1.891152329,0.0634059,0.017701312,0.130876565,0.102772902,0.137739801,0.069178472,0.081815311,0.078479693,0.044513958,0.044513958,0.016965738,0.026027484,0.103400642,610.614503,512.4250359,0,610.662422,512.4059168,0,610.6388889,512.5833333,0,529.6765578,449.1074128,0,7.111111111,0.073860936,0.05,0.073860936,0.05,-12.1386361,-12.53376044,0.024900263,3.638797163
27,9,46,25mg,E25_NIC2_40_DAPI.TIF,E25_NIC2_40_FITC.TIF,62,33.33333333,0.333333333,7.407407407,521.5819992,362.7999366,0,12.66666667,0.195652174,1.03406808,3.050253234,0.066235765,0.027239346,0.132148681,0.110675674,0.175113863,0.071802636,0.094904503,0.089792046,0.038688918,0.038630536,0.020482357,0.037793027,0.12458162,643.1249674,369.7842224,0,643.1341247,369.7763404,0,643.1304348,369.6956522,0,521.5819992,362.7999366,0,12.66666667,0.057370104,0.05,0.057370104,0.05,-12.16421483,-12.61359793,0.04119974,1.375081229
41,15,60,25mg,E25_NIC2_41_DAPI.TIF,E25_NIC2_41_FITC.TIF,63,36.58536585,0.365853659,13.82926829,590.6158431,442.8609653,0,20.6,0.25,0.902671859,2.252208233,0.06577249,0.028016584,0.128594595,0.10949264,0.180703441,0.071724381,0.095358421,0.090473794,0.039473057,0.039473057,0.020641599,0.039905333,0.127716741,624.5336013,317.1749104,0,624.538462,317.2074462,0,624.4333333,317.2,0,590.6158431,442.8609653,0,20.6,0.051876504,0.05,0.051876504,0.05,-12.15568163,-12.73479743,0.054169915,1.804304363
35,15,68,25mg,E25_NIC2_42_DAPI.TIF,E25_NIC2_42_FITC.TIF,64,42.85714286,0.428571429,16.57142857,611.0888499,648.0270209,0,20.2,0.220588235,0.832937054,2.001061856,0.065908203,0.024922472,0.111674327,0.106012504,0.159668611,0.072398519,0.090799209,0.088599268,0.04437952,0.04437952,0.01859505,0.032836708,0.117577721,603.0976106,594.0817907,0,603.1056913,594.0894091,0,603.0441176,594.1029412,0,611.0888499,648.0270209,0,20.2,0.056475908,0.05,0.056475908,0.05,-12.4618702,-12.60875596,0.051253943,1.898899734
24,5,51,25mg,E25_NIC2_43_DAPI.TIF,E25_NIC2_43_FITC.TIF,65,20.83333333,0.208333333,7.666666667,677.4022832,502.177307,0,12.2,0.098039216,0.978707688,2.27083927,0.066289681,0.025033168,0.127342679,0.114600639,0.167637409,0.072631564,0.09144627,0.08822587,0.039641142,0.039641142,0.021812021,0.035084163,0.11775417,680.0948847,350.6298048,0,680.103968,350.6377179,0,680.1960784,350.5882353,0,677.4022832,502.177307,0,12.2,0.050297014,0.05,0.050297014,0.05,-12.38311502,-12.74934711,0.032542324,1.941049686
30,16,65,25mg,E25_NIC2_44_DAPI.TIF,E25_NIC2_44_FITC.TIF,66,53.33333333,0.533333333,18.53333333,738.9816154,590.4586652,0,17.875,0.246153846,0.809781739,1.838721519,0.065556985,0.025372231,0.105857301,0.107875179,0.163790808,0.071641277,0.091239636,0.087359543,0.04066318,0.04062468,0.020100643,0.035296932,0.121758545,849.0873376,587.0017283,0,849.08606,586.9946598,0,849.2,587.0153846,0,738.9816154,590.4586652,0,17.875,0.054377612,0.05,0.054377612,0.05,-12.08569588,-12.68121332,0.045013362,1.884263373
51,17,52,25mg,E25_NIC2_45_DAPI.TIF,E25_NIC2_45_FITC.TIF,67,33.33333333,0.333333333,8.254901961,559.7926693,338.0490439,0,23.35294118,0.326923077,0.861215678,2.06425575,0.063176458,0.021924869,0.107125553,0.098147203,0.155787573,0.067395637,0.086060327,0.081435052,0.041380123,0.041380123,0.016353906,0.031765046,0.111726559,381.1478971,349.9301534,0,381.1646912,349.9449325,0,381.1153846,349.8461538,0,559.7926693,338.0490439,0,23.35294118,0.061724946,0.05,0.061724946,0.05,-12.25498724,-12.49563032,0.074522983,1.66038923
25,10,57,25mg,E25_NIC2_46_DAPI.TIF,E25_NIC2_46_FITC.TIF,68,40,0.4,8.72,613.5028806,422.0393587,0,12.5,0.175438596,0.974923013,2.608278695,0.064640429,0.02887596,0.142768138,0.116114198,0.189221511,0.071597183,0.095961004,0.090624136,0.035952399,0.035952399,0.022928723,0.041900425,0.127858288,609.7938913,557.5484073,0,609.7805662,557.5406209,0,609.8421053,557.5789474,0,613.5028806,422.0393587,0,12.5,0.068508774,0.05,0.068508774,0.05,-12.26344224,-12.9426592,0.031858195,2.223128487
18,5,7,25mg,E26_NIC2_49_DAPI.TIF,E26_NIC2_49_FITC.TIF,71,27.77777778,0.277777778,1.166666667,728.187824,676.4676996,0,13.2,0.714285714,0.712029542,1.230635744,0.065341307,0.014836128,0.069679232,0.096559088,0.1269725,0.068959395,0.080205525,0.077136538,0.047486072,0.047486072,0.014248124,0.023202719,0.102769515,784.7132413,658.3838121,0,784.6777778,658.3899471,0,784.7142857,658.5714286,0,728.187824,676.4676996,0,13.2,0.046966672,0.05,0.046966672,0.05,-12.41325672,-12.20961939,0.027285556,3.497176954
25,12,49,25mg,E26_NIC2_50_DAPI.TIF,E26_NIC2_50_FITC.TIF,72,48,0.48,10.68,770.789966,411.9810398,0,14.25,0.244897959,1.016516147,2.752145798,0.065306119,0.01651836,0.098246094,0.096379716,0.127992673,0.06780842,0.081504149,0.08052653,0.045808203,0.045808203,0.014577953,0.022342633,0.099844449,809.4426382,474.3604125,0,809.4651288,474.3834152,0,809.4081633,474.1836735,0,770.789966,411.9810398,0,14.25,0.061934881,0.05,0.061934881,0.05,-12.14193223,-12.46439939,0.045233314,2.091524185
16,8,26,25mg,E26_NIC2_54_DAPI.TIF,E26_NIC2_54_FITC.TIF,76,50,0.5,7.25,719.8831213,613.5438251,0,10.625,0.307692308,0.819346095,2.282606477,0.064982307,0.026115226,0.122789906,0.105392892,0.169473739,0.070927665,0.091801392,0.085627762,0.041110152,0.041110152,0.019762138,0.037465748,0.124238369,708.4130902,567.1709037,0,708.3926692,567.2126044,0,708.5769231,566.9615385,0,719.8831213,613.5438251,0,10.625,0.051664427,0.05,0.051664427,0.05,-12.44845238,-12.79753014,0.022878435,1.796945501
21,8,29,25mg,E26_NIC2_55_DAPI.TIF,E26_NIC2_55_FITC.TIF,77,38.0952381,0.380952381,5.904761905,692.4945017,409.6012523,0,10,0.275862069,0.792334722,1.673342237,0.06207265,0.02205718,0.116395139,0.098935293,0.149812027,0.067933252,0.0850443,0.081584201,0.043283007,0.043283007,0.016888761,0.030822369,0.108522164,631.5407546,354.6383064,0,631.5309682,354.6528923,0,631.5172414,354.5862069,0,692.4945017,409.6012523,0,10,0.060396343,0.05,0.060396343,0.05,-12.19376087,-12.54702881,0.031023312,3.02176962
15,14,123,25mg,E26_NIC2_56_DAPI.TIF,E26_NIC2_56_FITC.TIF,78,93.33333333,0.933333333,58.06666667,553.4179182,470.4145365,0,8.357142857,0.113821138,1.0465075,2.276359843,0.080071125,0.029175063,0.118966511,0.137692328,0.199177997,0.087755606,0.110061992,0.106722032,0.045531555,0.04545402,0.02661159,0.042865894,0.143314471,636.0275731,471.2806238,0,636.0137707,471.3016014,0,636.0487805,471.2601626,0,553.4179182,470.4145365,0,8.357142857,0.052029692,0.061592385,0.052029692,0.061592385,-12.35737045,-12.71965221,0.029504701,2.010426569
27,5,65,25mg,E26_NIC2_57_DAPI.TIF,E26_NIC2_57_FITC.TIF,79,18.51851852,0.185185185,4.777777778,612.8996417,534.7338384,0,17,0.076923077,0.966773131,2.330571921,0.06845479,0.031656602,0.13853432,0.118982813,0.188467234,0.074408055,0.099915446,0.095115352,0.03600378,0.03600378,0.023950851,0.04309172,0.136275039,979.5547954,689.579554,0,979.524578,689.5923282,0,979.7384615,689.3846154,0,612.8996417,534.7338384,0,17,0.049034987,0.05,0.049034987,0.05,-12.19998923,-12.88830496,0.032546977,2.262704306
16,4,21,25mg,E26_NIC2_59_DAPI.TIF,E26_NIC2_59_FITC.TIF,81,25,0.25,1.625,1062.820964,464.1625405,0,5.75,0.19047619,0.824739956,1.574847312,0.063683164,0.019775696,0.107124461,0.099927699,0.138601326,0.069389494,0.083535102,0.081271003,0.041803904,0.041803904,0.016868579,0.027047104,0.10724259,1066.776703,526.2401283,0,1066.752911,526.2352706,0,1067,526.2857143,0,1062.820964,464.1625405,0,5.75,0.069091603,0.05,0.069091603,0.05,-12.18751757,-12.50573117,0.021263748,3.178592504
17,11,79,25mg,E27_NIC1_60_DAPI.TIF,E27_NIC1_60_FITC.TIF,82,64.70588235,0.647058824,23.52941176,610.4342174,665.5636926,0,9.454545455,0.139240506,0.851699105,1.613948662,0.061686429,0.01506355,0.111868356,0.093705845,0.116238205,0.066823092,0.076067532,0.075040391,0.043615305,0.043615305,0.014379511,0.020278648,0.093413413,608.2427291,737.2706782,0,608.2310434,737.2724825,0,608.3164557,737.2658228,0,610.4342174,665.5636926,0,9.454545455,0.108442232,0.05,0.108442232,0.05,-12.21052871,-12.51680944,0.031767571,3.974903498
19,10,34,12.5mg,E27_NIC1_61_DAPI.TIF,E27_NIC1_61_FITC.TIF,83,52.63157895,0.526315789,11.21052632,678.2518847,776.428226,0,13.8,0.294117647,0.760628128,2.096982749,0.063265701,0.01960964,0.106132024,0.091945481,0.149577909,0.066905935,0.084541547,0.079803789,0.042716285,0.042716285,0.014643474,0.030184249,0.108354316,759.4403256,725.8224902,0,759.43576,725.8317024,0,759.2941176,725.9117647,0,678.2518847,776.428226,0,13.8,0.080722138,0.05,0.080722138,0.05,-12.10339378,-12.55021625,0.019576112,1.516367607
16,9,29,12.5mg,E27_NIC1_63_DAPI.TIF,E27_NIC1_63_FITC.TIF,85,56.25,0.5625,6.4375,801.8481798,546.0739803,0,8.222222222,0.310344828,0.810546624,1.691648858,0.06446779,0.016993288,0.092683524,0.093526229,0.130364666,0.06927781,0.081521493,0.081043296,0.04705672,0.04705672,0.014635932,0.023549973,0.101160475,715.8752922,608.0876594,0,715.8832128,608.0956209,0,715.8965517,608.0689655,0,801.8481798,546.0739803,0,8.222222222,0.070548296,0.05,0.070548296,0.05,-12.01869865,-12.38642072,0.0174155,2.848499777
28,21,123,12.5mg,E27_NIC1_64_DAPI.TIF,E27_NIC1_64_FITC.TIF,86,75,0.75,39.42857143,612.0474394,494.4070032,0,13.52380952,0.170731707,0.968792568,2.114823013,0.063835061,0.018110103,0.117581163,0.0993603,0.13276391,0.068076945,0.081212812,0.080105895,0.040465438,0.040449558,0.016469194,0.024763298,0.101196717,763.8550331,537.292612,0,763.8585171,537.2763868,0,763.7723577,537.4390244,0,606.5533401,505.4490435,0,13.975,0.078514338,0.05,0.078514338,0.05,-12.22849727,-12.64974789,0.025061088,3.045224326
23,10,51,12.5mg,E27_NIC1_67_DAPI.TIF,E27_NIC1_67_FITC.TIF,89,43.47826087,0.434782609,13.47826087,555.8997014,442.0922126,0,11.5,0.196078431,0.949174591,2.337361425,0.06530233,0.022453495,0.123023794,0.104138331,0.160223314,0.07113945,0.089056994,0.086674235,0.040173717,0.040173717,0.018952419,0.032627684,0.113951084,588.3668707,397.5463158,0,588.358829,397.5311335,0,588.4117647,397.6470588,0,555.8997014,442.0922126,0,11.5,0.087262116,0.05,0.087262116,0.05,-12.18466162,-12.65032361,0.034323139,1.897194124
17,4,19,12.5mg,E27_NIC1_68_DAPI.TIF,E27_NIC1_68_FITC.TIF,90,23.52941176,0.235294118,2.882352941,768.7779673,550.4469531,0,9,0.210526316,1.034487799,2.488611607,0.064211571,0.017213786,0.128667763,0.103276267,0.1253103,0.068474302,0.080113048,0.079997429,0.043557283,0.043557283,0.017035735,0.022215988,0.099349086,698.3703797,397.3278938,0,698.3509465,397.3129933,0,698.6842105,397.5789474,0,768.7779673,550.4469531,0,9,0.064482242,0.05,0.064482242,0.05,-12.11055554,-12.51376952,0.019545871,3.522190786
25,17,75,12.5mg,E28_NIC1_70_DAPI.TIF,E28_NIC1_70_FITC.TIF,92,68,0.68,21.96,697.9581649,487.1410738,0,15.41176471,0.226666667,0.904794888,2.290905718,0.063792274,0.018766154,0.101042237,0.093140253,0.143463289,0.066446189,0.083373984,0.079861651,0.042791996,0.042745609,0.014302977,0.027435339,0.104301515,625.4927748,522.0578609,0,625.500063,522.0711926,0,625.44,522,0,697.9581649,487.1410738,0,15.41176471,0.084423102,0.05,0.084423102,0.05,-12.22582009,-12.5135004,0.055119113,2.109574861
16,4,11,12.5mg,E28_NIC1_71_DAPI.TIF,E28_NIC1_71_FITC.TIF,93,25,0.25,1.4375,705.9710527,305.1531511,0,6.25,0.363636364,1.298736942,4.378598486,0.067098079,0.036449637,0.1846257,0.173569981,0.267786122,0.084164959,0.11437942,0.096320493,0.041493439,0.041493439,0.039215615,0.062826308,0.155919462,725.498779,348.5207422,0,725.495201,348.6465788,0,725.5454545,348.4545455,0,705.9710527,305.1531511,0,6.25,0.053762242,0.05,0.053762242,0.05,-12.28469215,-12.63569107,0.028220739,0.91843845
25,10,42,12.5mg,E28_NIC1_72_DAPI.TIF,E28_NIC1_72_FITC.TIF,94,40,0.4,7.2,892.8236671,325.6640983,0,10.7,0.238095238,1.072465058,2.48142644,0.06602506,0.027431369,0.1499555,0.12600173,0.168897026,0.074984486,0.092737718,0.089303066,0.037931024,0.037931024,0.025198607,0.035952019,0.122225129,739.368147,369.2126042,0,739.386407,369.1989287,0,739.2380952,369.2619048,0,892.8236671,325.6640983,0,10.7,0.070432663,0.05,0.070432663,0.05,-12.1531909,-12.87559718,0.045298551,2.368750746
17,5,15,12.5mg,E28_NIC1_73_DAPI.TIF,E28_NIC1_73_FITC.TIF,95,29.41176471,0.294117647,2.941176471,825.322147,455.8887238,0,6.8,0.333333333,1.440793481,4.525760842,0.067938252,0.022984157,0.253080061,0.125722129,0.15820961,0.073203578,0.090871619,0.088903127,0.042139312,0.041594056,0.022401196,0.029603095,0.113934027,865.4767848,393.5195774,0,865.5195148,393.5384904,0,864.9333333,393.2666667,0,825.322147,455.8887238,0,6.8,0.05021929,0.05,0.05021929,0.05,-12.19496194,-12.58778377,0.024899397,2.20633659
35,11,52,12.5mg,E28_NIC1_74_DAPI.TIF,E28_NIC1_74_FITC.TIF,96,31.42857143,0.314285714,6.4,684.4289832,546.7993402,0,16.72727273,0.211538462,0.782907552,1.430364278,0.06593805,0.022414332,0.108676397,0.104680411,0.145027614,0.071975687,0.087013186,0.086262772,0.043166601,0.043166601,0.018798276,0.029952409,0.113029735,761.1170809,700.0892989,0,761.0890864,700.117131,0,761.1346154,700.0384615,0,677.141348,565.7907392,0,17.45,0.063329175,0.05,0.063329175,0.05,-12.28762361,-12.52874979,0.048159188,2.759556532
65,21,72,12.5mg,E28_NIC1_75_DAPI.TIF,E28_NIC1_75_FITC.TIF,97,32.30769231,0.323076923,14.13846154,509.4117654,668.4643396,0,36.23809524,0.291666667,0.907255661,2.037425279,0.063531573,0.025015893,0.136287162,0.111874062,0.164641453,0.070817658,0.089617336,0.085154244,0.040960303,0.040960303,0.020830661,0.035019073,0.118775591,470.5140047,586.2865265,0,470.5033821,586.3116345,0,470.625,586.1805556,0,509.4117654,668.4643396,0,36.23809524,0.069662616,0.05,0.069662616,0.05,-12.34060938,-12.58734549,0.093717374,1.596942256
46,11,51,12.5mg,E28_NIC1_76_DAPI.TIF,E28_NIC1_76_FITC.TIF,98,23.91304348,0.239130435,5.652173913,827.0527999,524.6297852,0,22.54545455,0.215686275,0.942184161,2.829299125,0.065266727,0.029844254,0.111355621,0.104285539,0.200807534,0.068715336,0.099059922,0.090875555,0.04042384,0.040413069,0.018410109,0.044472666,0.132495285,801.2926168,593.1739577,0,801.3074051,593.1758929,0,801.1176471,593.0980392,0,827.0527999,524.6297852,0,22.54545455,0.066125751,0.05,0.066125751,0.05,-12.28578202,-12.6298659,0.082604346,0.956867434
35,16,80,12.5mg,E28_NIC1_77_DAPI.TIF,E28_NIC1_77_FITC.TIF,99,45.71428571,0.457142857,15.85714286,719.3814366,546.3376995,0,18.625,0.2,0.823999398,1.787847724,0.065668535,0.024745175,0.109425535,0.110045778,0.161934845,0.071910513,0.089953423,0.087339208,0.041713589,0.041713589,0.02058,0.034000507,0.116839093,753.5518327,616.7829758,0,753.539155,616.7857349,0,753.5625,616.775,0,719.3814366,546.3376995,0,18.625,0.055314906,0.05,0.055314906,0.05,-12.34416703,-12.56456588,0.053900382,1.838404656
15,7,15,12.5mg,E28_NIC1_78_DAPI.TIF,E28_NIC1_78_FITC.TIF,100,46.66666667,0.466666667,2.733333333,672.3050292,546.2370169,0,7.857142857,0.466666667,0.951597382,3.013624279,0.0644358,0.024322887,0.130032793,0.096388194,0.195067268,0.067050263,0.094284198,0.086343689,0.039588003,0.039588003,0.01651364,0.041687505,0.122861579,587.2531758,649.2817087,0,587.2302817,649.3722396,0,587.4,649,0,672.3050292,546.2370169,0,7.857142857,0.050591707,0.05,0.050591707,0.05,-12.35232647,-12.64189701,0.023113128,1.69605277
32,13,100,12.5mg,E28_NIC1_79_DAPI.TIF,E28_NIC1_79_FITC.TIF,101,40.625,0.40625,23.65625,861.6752726,517.3840956,0,16.69230769,0.13,0.897961699,2.47404654,0.06441764,0.035353019,0.132106778,0.117467612,0.205520715,0.070453577,0.10138189,0.093476463,0.034352942,0.034352942,0.024211832,0.048904138,0.142020752,904.1194211,476.0137608,0,904.1139843,476.0182419,0,904.17,475.94,0,861.6752726,517.3840956,0,16.69230769,0.056229316,0.05,0.056229316,0.05,-12.17558415,-12.96694119,0.044096951,1.862548627
28,22,248,CSE,E29_CSE_86_DAPI.TIF,E29_CSE_86_FITC.TIF,103,78.57142857,0.785714286,108.5357143,704.6825297,566.8223019,0,14.54545455,0.088709677,1.101562327,2.746560189,0.074643813,0.043909313,0.143582418,0.151374913,0.248226877,0.085372216,0.119551451,0.113132359,0.031390761,0.031390761,0.035019737,0.060986611,0.169045966,749.1431726,559.2208783,0,749.1395819,559.2251949,0,749.1612903,559.1572581,0,704.6825297,566.8223019,0,14.54545455,0.089926839,0.057808213,0.089926839,0.057808213,-12.29337071,-13.30643192,0.060051174,2.258321011
22,17,259,CSE,E29_CSE_87_DAPI.TIF,E29_CSE_87_FITC.TIF,104,77.27272727,0.772727273,118.2272727,591.0359319,501.2775847,0,10.76470588,0.065637066,1.162403076,2.610262728,0.081678658,0.035365581,0.141921137,0.149168194,0.213457101,0.09074438,0.115752484,0.113327991,0.041404386,0.041404386,0.031235091,0.047604323,0.155518951,638.5070888,409.9724088,0,638.51352,409.9764928,0,638.4478764,409.969112,0,591.0359319,501.2775847,0,10.76470588,0.066771992,0.061875127,0.066771992,0.061875127,-12.1940042,-13.03485708,0.051299891,2.396812545
34,21,201,CSE,E29_CSE_88_DAPI.TIF,E29_CSE_88_FITC.TIF,105,61.76470588,0.617647059,63.32352941,638.5128554,445.0099735,0,17.28571429,0.104477612,0.958447866,2.286336838,0.064111502,0.034264475,0.15130473,0.131266077,0.204550983,0.073766832,0.099763879,0.093595499,0.030805005,0.030731215,0.029919352,0.048915201,0.139447646,768.7424536,408.826757,0,768.7453775,408.8258723,0,768.6915423,408.8358209,0,638.5128554,445.0099735,0,17.28571429,0.075956851,0.05,0.075956851,0.05,-12.18832642,-12.97158347,0.067645819,1.356549251
25,19,113,CSE,E29_CSE_89_DAPI.TIF,E29_CSE_89_FITC.TIF,106,76,0.76,29.12,563.555628,415.6055063,0,12.47368421,0.168141593,0.851631679,2.02534592,0.064904182,0.027578319,0.123630497,0.111723588,0.179042071,0.071501693,0.094246834,0.089337658,0.039974857,0.039974857,0.021002969,0.039382602,0.126218307,763.7321244,543.9888566,0,763.7587255,543.9788768,0,763.7345133,544,0,563.555628,415.6055063,0,12.47368421,0.081777692,0.05,0.081777692,0.05,-12.28180635,-12.78711925,0.058961957,1.916987196
29,21,294,CSE,E29_CSE_90_DAPI.TIF,E29_CSE_90_FITC.TIF,107,72.4137931,0.724137931,60.68965517,739.1670828,513.0578457,0,15.71428571,0.071428571,1.350302191,3.349334488,0.086194789,0.047708315,0.157707192,0.179294752,0.265842161,0.098615569,0.13339378,0.128182944,0.037042055,0.037042055,0.040661696,0.063845637,0.186462912,656.7841357,764.3829473,0,656.7887376,764.375284,0,656.7823129,764.3843537,0,739.1670828,513.0578457,0,15.71428571,0.081855476,0.065680223,0.081855476,0.065680223,-12.27918893,-13.09451157,0.063694908,1.613828252
22,19,192,CSE,E29_CSE_91_DAPI.TIF,E29_CSE_91_FITC.TIF,108,86.36363636,0.863636364,71.90909091,753.5505006,509.2817427,0,11.21052632,0.098958333,0.910935636,2.449670349,0.062140302,0.037688674,0.143000531,0.127839132,0.215984781,0.070377984,0.101105384,0.093648593,0.028065475,0.028065475,0.029163921,0.052800183,0.143981428,660.2837025,565.4995355,0,660.2905264,565.5031294,0,660.2916667,565.5104167,0,753.5505006,509.2817427,0,11.21052632,0.068505734,0.05,0.068505734,0.05,-12.12587566,-13.22420144,0.048205333,1.864216322
15,11,47,CSE,E29_CSE_92_DAPI.TIF,E29_CSE_92_FITC.TIF,109,73.33333333,0.733333333,9.2,646.9015237,618.0940157,0,7.181818182,0.234042553,0.903376952,2.422500244,0.06425834,0.030856991,0.142722212,0.110838938,0.196902417,0.070325838,0.096680166,0.090890527,0.036178814,0.036178814,0.022526296,0.044042213,0.129590978,667.108596,820.7572995,0,667.1218377,820.7851913,0,667.0212766,820.7659574,0,646.9015237,618.0940157,0,7.181818182,0.058534563,0.05,0.058534563,0.05,-12.22821473,-12.90443874,0.030585287,2.480997008
21,13,120,CSE,E29_CSE_93_DAPI.TIF,E29_CSE_93_FITC.TIF,110,61.9047619,0.619047619,29.80952381,663.4110961,357.3780121,0,9.692307692,0.108333333,1.40188654,3.604627598,0.084457669,0.042166521,0.160801931,0.175215277,0.239545791,0.096210173,0.125737606,0.123636479,0.033086646,0.033084103,0.040874447,0.056671342,0.172408636,284.8010784,427.2677591,0,284.8078348,427.2627971,0,284.8,427.375,0,663.4110961,357.3780121,0,9.692307692,0.07207635,0.061191384,0.07207635,0.061191384,-12.21808644,-13.26392162,0.032063775,2.276376417
21,11,162,CSE,E29_CSE_94_DAPI.TIF,E29_CSE_94_FITC.TIF,111,52.38095238,0.523809524,50.04761905,769.0526584,460.3498532,0,10.36363636,0.067901235,1.827195157,4.327381375,0.11415406,0.042825297,0.141257206,0.194044649,0.278823776,0.122179527,0.1549893,0.152673297,0.055186044,0.054999167,0.039449297,0.059789188,0.202111303,790.4892542,418.7052193,0,790.5015828,418.7127918,0,790.5555556,418.7160494,0,769.0526584,460.3498532,0,10.36363636,0.099703878,0.084316049,0.099703878,0.084316049,-12.26366284,-12.9153731,0.054660262,2.322994864
32,18,260,CSE,E29_CSE_95_DAPI.TIF,E29_CSE_95_FITC.TIF,112,56.25,0.5625,60.625,526.9138637,558.4203807,0,15.88888889,0.069230769,0.976885632,2.419477794,0.06631606,0.037362421,0.150788617,0.13478576,0.211033917,0.075363824,0.103421724,0.099215218,0.026882406,0.026882406,0.031537084,0.051271937,0.145784109,521.8226609,656.1204387,0,521.8401246,656.1255837,0,521.7884615,656.1076923,0,526.9138637,558.4203807,0,15.88888889,0.071527317,0.05,0.071527317,0.05,-12.14359914,-13.22102733,0.05729166,2.112583857
27,20,185,CSE,E29_CSE_96_DAPI.TIF,E29_CSE_96_FITC.TIF,113,74.07407407,0.740740741,48.74074074,786.0503817,457.5119694,0,12.65,0.108108108,1.004176592,2.358186305,0.066559855,0.030993465,0.156316968,0.125271784,0.183967055,0.073742301,0.095722809,0.09335321,0.029924179,0.029917581,0.027647699,0.042032452,0.129099654,665.2931116,600.7767064,0,665.2893339,600.7879536,0,665.2648649,600.7783784,0,786.0503817,457.5119694,0,12.65,0.074350715,0.05,0.074350715,0.05,-12.24035981,-13.17347919,0.050108072,2.63138595
21,17,153,CSE,E29_CSE_97_DAPI.TIF,E29_CSE_97_FITC.TIF,114,80.95238095,0.80952381,61.0952381,659.068029,433.6433116,0,9.882352941,0.111111111,0.934259427,2.228449062,0.064239381,0.032103585,0.132792391,0.12617715,0.191769004,0.072455189,0.096521311,0.092071344,0.031602333,0.031602333,0.027131383,0.04433213,0.132441429,681.111462,489.267951,0,681.125141,489.2812203,0,681.0980392,489.2091503,0,659.068029,433.6433116,0,9.882352941,0.082962409,0.05,0.082962409,0.05,-12.26110235,-13.01181283,0.04176528,1.937062112
27,21,157,CSE,E30_CSE_100_DAPI.TIF,E30_CSE_100_FITC.TIF,115,77.77777778,0.777777778,56.37037037,615.103281,501.811516,0,14.71428571,0.133757962,1.311859915,3.569103512,0.074113656,0.035778812,0.192341865,0.150364539,0.219310047,0.083343581,0.110275742,0.10603329,0.034312389,0.034253297,0.034777072,0.050599285,0.150106791,740.3085301,543.7220846,0,740.3141059,543.7161061,0,740.2484076,543.6815287,0,615.103281,501.811516,0,14.71428571,0.090257712,0.052393275,0.090257712,0.052393275,-12.26529336,-13.3081777,0.052321102,2.280643754
24,22,188,CSE,E30_CSE_101_DAPI.TIF,E30_CSE_101_FITC.TIF,116,91.66666667,0.916666667,78.45833333,798.5382178,317.4531409,0,11.86363636,0.117021277,1.27207647,3.292437507,0.078747348,0.041965233,0.180481203,0.161627783,0.238233594,0.088993357,0.119581039,0.116794496,0.029022661,0.029022661,0.038711411,0.057135599,0.165496671,810.5124984,409.7748282,0,810.513032,409.7767424,0,810.5744681,409.7659574,0,798.5382178,317.4531409,0,11.86363636,0.069576256,0.057591289,0.069576256,0.057591289,-12.12974934,-13.31940012,0.038012157,2.373629935
20,15,203,CSE,E30_CSE_102_DAPI.TIF,E30_CSE_102_FITC.TIF,117,75,0.75,68.95,545.8303969,523.4252446,0,10.4,0.073891626,1.067975782,2.350892107,0.07480228,0.030552469,0.124884168,0.130441336,0.18461703,0.08154866,0.103094404,0.101182951,0.037541703,0.037541703,0.026949212,0.040677163,0.138046117,522.0594565,602.425118,0,522.0527508,602.4261672,0,522.0640394,602.364532,0,545.8303969,523.4252446,0,10.4,0.075214162,0.055920284,0.075214162,0.055920284,-12.30286606,-12.94635302,0.04976402,2.680530152
33,17,145,CSE,E30_CSE_103_DAPI.TIF,E30_CSE_103_FITC.TIF,118,51.51515152,0.515151515,30.21212121,875.0596792,446.0948285,0,16.05882353,0.117241379,0.955478281,2.141527329,0.06653165,0.034351532,0.135540931,0.128040239,0.194422672,0.076082155,0.099756059,0.097764236,0.03070031,0.03070031,0.028884079,0.04548492,0.137106309,744.034337,555.2759454,0,744.045818,555.2769994,0,744.0206897,555.2,0,875.0596792,446.0948285,0,16.05882353,0.061063208,0.05,0.061063208,0.05,-12.07013613,-13.0559916,0.060359918,2.110248907
21,12,86,CSE,E30_CSE_104_DAPI.TIF,E30_CSE_104_FITC.TIF,119,57.14285714,0.571428571,23.9047619,788.7946472,632.5335958,0,13.58333333,0.139534884,0.920421365,1.916483476,0.064397331,0.022169229,0.12714107,0.106816701,0.149852822,0.070499872,0.086287363,0.08414641,0.039778495,0.039778495,0.019465962,0.030668229,0.111057112,723.9325747,650.7222464,0,723.9252702,650.7266746,0,723.9767442,650.7674419,0,788.7946472,632.5335958,0,13.58333333,0.093591571,0.05,0.093591571,0.05,-12.15556903,-12.69503616,0.039280082,2.559294108
20,19,65,CSE,E30_CSE_105_DAPI.TIF,E30_CSE_105_FITC.TIF,120,95,0.95,24.7,628.2082545,558.2679699,0,11,0.292307692,1.481648192,4.345646424,0.076765321,0.04476387,0.186876032,0.166928064,0.25885405,0.085996986,0.122569772,0.115721605,0.031765996,0.031765996,0.040267556,0.062682795,0.171996171,725.8580772,658.3345952,0,725.8552704,658.3054753,0,725.5846154,658.3846154,0,628.2082545,558.2679699,0,11,0.088389792,0.05,0.088389792,0.05,-12.1800249,-13.37341998,0.031283976,2.281230151
20,17,122,CSE,E30_CSE_106_DAPI.TIF,E30_CSE_106_FITC.TIF,121,85,0.85,40.2,703.5280337,565.1319514,0,11,0.139344262,1.402661813,3.873911913,0.081737576,0.049194583,0.179766409,0.180155014,0.288556108,0.093734236,0.133713794,0.125636783,0.030961806,0.030960805,0.042610206,0.070410039,0.188670171,803.635592,730.4424261,0,803.6307455,730.4358238,0,803.557377,730.3606557,0,703.5280337,565.1319514,0,11,0.097834051,0.062337568,0.097834051,0.062337568,-12.15934665,-13.25496335,0.046013351,2.040342736
20,8,38,CSE,E30_CSE_109_DAPI.TIF,E30_CSE_109_FITC.TIF,124,40,0.4,4.7,881.2577385,570.0289849,0,13.5,0.210526316,1.431864906,4.516601536,0.073211583,0.035482847,0.189874163,0.14785993,0.202673548,0.079002428,0.106919265,0.104617456,0.030630475,0.030630475,0.032455217,0.045980559,0.145105272,879.3241921,698.0855406,0,879.3427114,698.0935081,0,879.2105263,698.1578947,0,881.2577385,570.0289849,0,13.5,0.07421869,0.05,0.07421869,0.05,-12.19575217,-13.10432036,0.037068639,2.065469452
18,13,92,CSE,E30_CSE_110_DAPI.TIF,E30_CSE_110_FITC.TIF,125,72.22222222,0.722222222,27.61111111,624.194973,423.9350363,0,8.846153846,0.141304348,1.125136588,2.90471473,0.067288637,0.032290409,0.174494893,0.138329667,0.187170483,0.076426066,0.099038865,0.096360393,0.032140143,0.032072472,0.029943511,0.042569842,0.133742674,447.915851,491.6152765,0,447.8974811,491.6102011,0,447.826087,491.5434783,0,624.194973,423.9350363,0,8.846153846,0.096810088,0.05,0.096810088,0.05,-12.15776534,-13.1175375,0.037633355,2.247389378
47,26,242,CSE,E30_CSE_98_DAPI.TIF,E30_CSE_98_FITC.TIF,126,55.31914894,0.553191489,55.08510638,815.7977625,495.6688243,0,21.76923077,0.107438017,1.052748168,2.593098773,0.06673691,0.031024743,0.154406111,0.128192681,0.189279971,0.074053561,0.097733708,0.094390544,0.03050745,0.03049257,0.027596373,0.043116265,0.131616882,659.2078019,587.3895847,0,659.198848,587.3892004,0,659.2396694,587.3801653,0,815.7977625,495.6688243,0,21.76923077,0.063298061,0.05,0.063298061,0.05,-12.25951582,-13.08163311,0.074188313,2.468118397
24,16,81,CSE,E30_CSE_99_DAPI.TIF,E30_CSE_99_FITC.TIF,127,66.66666667,0.666666667,22.33333333,693.1149676,568.2987033,0,14,0.197530864,1.278408419,3.325481225,0.070790369,0.034747239,0.175270817,0.14672096,0.21472496,0.079185899,0.106231112,0.10553781,0.022235223,0.022210356,0.037246321,0.052327847,0.144426078,590.1772234,617.5793759,0,590.1598258,617.5831397,0,590.1234568,617.4938272,0,693.1149676,568.2987033,0,14,0.072880067,0.05,0.072880067,0.05,-12.13436724,-13.25323511,0.041004099,1.958460774
29,13,89,Control,E31_CONTROL_111_DAPI.TIF,E31_CONTROL_111_FITC.TIF,128,44.82758621,0.448275862,14.96551724,941.6327631,539.5408024,0,15.76923077,0.146067416,0.754115946,1.463520564,0.065655628,0.0209947,0.103698422,0.103415707,0.143975902,0.071866511,0.08592189,0.083840609,0.044860151,0.044860151,0.017635886,0.02830281,0.110020463,854.7598492,638.3285088,0,854.767611,638.3296399,0,854.752809,638.1685393,0,941.6327631,539.5408024,0,15.76923077,0.045780525,0.05,0.045780525,0.05,-12.37651554,-12.55399232,0.032085965,2.695202355
24,10,47,Control,E31_CONTROL_112_DAPI.TIF,E31_CONTROL_112_FITC.TIF,129,41.66666667,0.416666667,10.125,582.6277494,565.4711879,0,12.9,0.212765957,0.768571616,1.554034639,0.064207365,0.019803615,0.113914661,0.099096636,0.141692031,0.069687682,0.084228132,0.080750095,0.04461608,0.04461608,0.016161652,0.028041802,0.108006602,562.1188873,583.0612202,0,562.1301772,583.0671528,0,562.0425532,583.1702128,0,582.6277494,565.4711879,0,12.9,0.045367576,0.05,0.045367576,0.05,-12.59607793,-12.57453355,0.02434834,2.702571845
16,7,49,Control,E31_CONTROL_113_DAPI.TIF,E31_CONTROL_113_FITC.TIF,130,43.75,0.4375,14.5,853.7441183,484.0472923,0,7.142857143,0.142857143,0.757522629,1.300169573,0.064596735,0.01815263,0.093308702,0.099546123,0.129754001,0.070631021,0.082050932,0.081642618,0.045659977,0.04563631,0.016246091,0.024501087,0.103422847,928.3175321,352.5204867,0,928.3303485,352.5302775,0,928.3469388,352.5714286,0,853.7441183,484.0472923,0,7.142857143,0.042902589,0.05,0.042902589,0.05,-12.46560747,-12.39035888,0.02216162,2.965460611
17,4,25,Control,E31_CONTROL_114_DAPI.TIF,E31_CONTROL_114_FITC.TIF,131,23.52941176,0.235294118,3.117647059,891.1195879,491.6588124,0,8.25,0.16,1.030713975,2.541833214,0.065599143,0.0278642,0.135919318,0.116256658,0.169272604,0.071821148,0.093665707,0.090494545,0.036777906,0.036777906,0.022326661,0.03706775,0.126170138,880.4211525,450.0738494,0,880.4353973,450.0756528,0,880.64,449.96,0,891.1195879,491.6588124,0,8.25,0.051308282,0.05,0.051308282,0.05,-12.03827564,-12.80023147,0.024534267,2.661164223
33,18,152,Control,E31_CONTROL_115_DAPI.TIF,E31_CONTROL_115_FITC.TIF,132,54.54545455,0.545454545,45.57575758,665.7632082,446.2582386,0,14.88888889,0.118421053,0.911977121,2.387385699,0.065806539,0.025029614,0.126031267,0.110771662,0.170651079,0.071356149,0.091939557,0.087670709,0.039475893,0.039475893,0.020401103,0.036243349,0.120214691,714.5533718,397.7705953,0,714.555883,397.7603134,0,714.5065789,397.6973684,0,665.7632082,446.2582386,0,14.88888889,0.060414106,0.05,0.060414106,0.05,-12.16987257,-12.70960213,0.038698046,1.407102785
26,11,52,Control,E31_CONTROL_116_DAPI.TIF,E31_CONTROL_116_FITC.TIF,133,42.30769231,0.423076923,12.80769231,731.9620959,459.6111422,0,11.36363636,0.211538462,0.800225375,1.629008588,0.063361328,0.019251604,0.108823016,0.099043966,0.135665618,0.069184801,0.082658289,0.080025942,0.044429578,0.044429578,0.016339011,0.026357216,0.104305099,786.5835998,398.6318847,0,786.5877772,398.6199855,0,786.6153846,398.6346154,0,731.9620959,459.6111422,0,11.36363636,0.056160655,0.05,0.056160655,0.05,-12.2399372,-12.51305753,0.035555884,2.716599882
27,15,66,Control,E31_CONTROL_117_DAPI.TIF,E31_CONTROL_117_FITC.TIF,134,55.55555556,0.555555556,22.85185185,714.0267173,506.0910414,0,12.8,0.227272727,0.785477108,1.530161758,0.063371645,0.019803898,0.10773617,0.101582544,0.136014296,0.068622028,0.081751345,0.07986526,0.04318118,0.04318118,0.017147076,0.026427211,0.104535397,690.9208042,386.6566614,0,690.9152309,386.6543208,0,690.9393939,386.6818182,0,714.0267173,506.0910414,0,12.8,0.054430302,0.05,0.054430302,0.05,-12.26314885,-12.56746916,0.036335921,2.723545258
30,15,81,Control,E31_CONTROL_118_DAPI.TIF,E31_CONTROL_118_FITC.TIF,135,50,0.5,18.8,706.218948,460.118801,0,12.8,0.185185185,0.729155195,1.336683547,0.064554705,0.020033776,0.101184313,0.101692152,0.134966615,0.071260963,0.083415458,0.082543021,0.045293297,0.045293297,0.017355006,0.026290862,0.106029105,633.6279765,507.6218886,0,633.629086,507.6145716,0,633.617284,507.6049383,0,706.218948,460.118801,0,12.8,0.057171203,0.05,0.057171203,0.05,-12.36380338,-12.47990096,0.039050688,2.713883735
29,13,82,Control,E31_CONTROL_119_DAPI.TIF,E31_CONTROL_119_FITC.TIF,136,44.82758621,0.448275862,19.37931034,805.5791536,583.732383,0,15.15384615,0.158536585,0.789373026,1.461841099,0.06531066,0.021930938,0.115557872,0.105203887,0.148655623,0.070997588,0.086086935,0.083760494,0.041732309,0.041732309,0.018623079,0.030144598,0.110643727,942.8007479,584.9113768,0,942.8204377,584.9189599,0,942.7560976,584.8414634,0,805.5791536,583.732383,0,15.15384615,0.047879294,0.05,0.047879294,0.05,-12.2892523,-12.68634563,0.032865583,3.399138402
28,12,40,Control,E31_CONTROL_120_DAPI.TIF,E31_CONTROL_120_FITC.TIF,137,42.85714286,0.428571429,9.142857143,780.7662045,466.0534702,0,12.5,0.3,0.785185024,1.516041818,0.064719618,0.019269856,0.103957408,0.101341268,0.135416192,0.070543017,0.083686243,0.082425421,0.046567484,0.046567484,0.016152709,0.025867304,0.106091784,858.2571863,429.4672482,0,858.2786861,429.4710367,0,858.225,429.525,0,780.7662045,466.0534702,0,12.5,0.048619539,0.05,0.048619539,0.05,-12.49142605,-12.28144777,0.03662347,2.246399082
41,17,62,Control,E31_CONTROL_121_DAPI.TIF,E31_CONTROL_121_FITC.TIF,138,41.46341463,0.414634146,12.95121951,645.9980102,422.0800879,0,20.76470588,0.274193548,0.886102219,2.301714156,0.064000768,0.026932665,0.117339759,0.107567243,0.175503363,0.069269189,0.092633566,0.086284355,0.039993403,0.039975682,0.019309866,0.038265263,0.123811948,772.2551533,409.7218513,0,772.2591833,409.7322458,0,772.2903226,409.7741935,0,645.9980102,422.0800879,0,20.76470588,0.062856078,0.05,0.062856078,0.05,-12.24441781,-12.69097692,0.051141654,1.858654955
29,19,153,Control,E31_CONTROL_122_DAPI.TIF,E31_CONTROL_122_FITC.TIF,139,65.51724138,0.655172414,62.06896552,670.8873083,561.0815048,0,16.15789474,0.124183007,0.774780926,1.387790686,0.065673135,0.021626723,0.102547743,0.107123918,0.141980711,0.072754277,0.086023657,0.084634714,0.043627239,0.043600112,0.019002842,0.028512109,0.11098076,693.4073967,445.7256716,0,693.4153361,445.7251547,0,693.379085,445.6405229,0,670.8873083,561.0815048,0,16.15789474,0.053879783,0.05,0.053879783,0.05,-12.39419639,-12.68229785,0.048979302,3.129219333
22,12,161,Control,E31_CONTROL_123_DAPI.TIF,E31_CONTROL_123_FITC.TIF,140,54.54545455,0.545454545,34.22727273,765.1409547,506.0152779,0,9.75,0.074534161,0.900675436,1.996006704,0.066316563,0.024498217,0.121072907,0.111109942,0.162278654,0.072492588,0.090543946,0.087772169,0.040460103,0.040367601,0.020888742,0.034200554,0.1180491,921.7562696,582.7003996,0,921.746949,582.7111546,0,921.7453416,582.6645963,0,765.1409547,506.0152779,0,9.75,0.071733072,0.05,0.071733072,0.05,-12.18459213,-12.65324947,0.046789117,1.687344587
16,9,51,Control,E32_CONTROL_124_DAPI.TIF,E32_CONTROL_124_FITC.TIF,141,56.25,0.5625,15.625,486.1472149,620.3964494,0,9.666666667,0.176470588,0.935234425,1.999256174,0.064644694,0.021439826,0.12976984,0.109252199,0.150532943,0.070641113,0.085523657,0.083642779,0.039379047,0.039379047,0.020039366,0.029723508,0.108815974,504.5045685,593.340104,0,504.5121256,593.3302059,0,504.372549,593.4901961,0,486.1472149,620.3964494,0,9.666666667,0.069486246,0.05,0.069486246,0.05,-12.173272,-12.70346802,0.026068653,3.048379223
22,16,130,Control,E32_CONTROL_125_DAPI.TIF,E32_CONTROL_125_FITC.TIF,142,72.72727273,0.727272727,41.40909091,701.3140635,469.755351,0,10.8125,0.123076923,0.801532472,1.722329459,0.065345939,0.024264425,0.124488775,0.108340932,0.156928475,0.071607571,0.089062729,0.086125911,0.041616752,0.04159938,0.019707193,0.032969736,0.117145507,679.5253081,517.5821085,0,679.5328131,517.5803057,0,679.4846154,517.5384615,0,701.3140635,469.755351,0,10.8125,0.069031522,0.05,0.069031522,0.05,-12.39054245,-12.73434044,0.0376644,2.183248944
30,19,151,Control,E32_CONTROL_126_DAPI.TIF,E32_CONTROL_126_FITC.TIF,143,63.33333333,0.633333333,57.4,655.9361546,450.4548275,0,14.94736842,0.125827815,0.855328605,2.184841315,0.066835122,0.026824351,0.111450346,0.107978497,0.175367188,0.071524627,0.094400154,0.089969214,0.041115687,0.041115687,0.01964924,0.037892808,0.12491682,746.5536076,374.8618803,0,746.5698047,374.8622471,0,746.5430464,374.8675497,0,678.113401,471.302346,0,15.66666667,0.051022772,0.05,0.051022772,0.05,-12.16041872,-12.86540606,0.042837186,2.235683035
24,12,46,Control,E32_CONTROL_127_DAPI.TIF,E32_CONTROL_127_FITC.TIF,144,50,0.5,12.08333333,517.2437769,482.4526287,0,11.41666667,0.260869565,0.85945977,1.865569362,0.062855891,0.016128784,0.105158582,0.091274161,0.128498211,0.066830102,0.079313026,0.077854846,0.04563509,0.04563509,0.013106151,0.022566999,0.095876746,439.9957405,490.7630739,0,439.9857158,490.745173,0,439.9782609,490.9130435,0,517.2437769,482.4526287,0,11.41666667,0.059474245,0.05,0.059474245,0.05,-12.20602458,-12.30438722,0.038621416,2.291493463
52,22,132,Control,E32_CONTROL_128_DAPI.TIF,E32_CONTROL_128_FITC.TIF,145,42.30769231,0.423076923,24.84615385,712.5284963,503.4046499,0,24.54545455,0.166666667,0.829269114,1.891768684,0.065822681,0.025427078,0.112914799,0.106620796,0.164141761,0.070925379,0.090901849,0.087879481,0.039857026,0.039857026,0.019798321,0.03520929,0.120108154,637.8178968,533.1519619,0,637.8156961,533.1507967,0,637.8636364,533.1590909,0,712.5284963,503.4046499,0,24.54545455,0.051863093,0.05,0.051863093,0.05,-12.4296582,-12.76293162,0.064086851,2.288450441
60,26,116,Control,E32_CONTROL_129_DAPI.TIF,E32_CONTROL_129_FITC.TIF,146,43.33333333,0.433333333,26.68333333,707.4986235,432.1085934,0,32.03846154,0.224137931,0.791828002,1.703557187,0.065935549,0.022874588,0.113284596,0.105187804,0.160984784,0.071827861,0.089577109,0.085506559,0.042889428,0.042889428,0.018721747,0.033581807,0.116401342,698.5861881,409.0297189,0,698.5925775,409.0289503,0,698.6206897,409.0517241,0,707.4986235,432.1085934,0,32.03846154,0.055239148,0.05,0.055239148,0.05,-12.31302059,-12.63794088,0.07341438,2.119417775
39,19,115,Control,E32_CONTROL_130_DAPI.TIF,E32_CONTROL_130_FITC.TIF,147,48.71794872,0.487179487,21.92307692,697.2518224,434.0409129,0,17.21052632,0.165217391,0.865961443,2.197559758,0.065856612,0.030452231,0.116767336,0.112544708,0.188656709,0.072356885,0.097754184,0.09200633,0.0403698,0.0403698,0.021702621,0.042595523,0.132864815,570.4828081,550.0057636,0,570.4871756,550.0134749,0,570.4869565,550.026087,0,697.2518224,434.0409129,0,17.21052632,0.051661924,0.05,0.051661924,0.05,-12.23234846,-12.66627594,0.068545317,1.2266733
43,18,66,Control,E32_CONTROL_131_DAPI.TIF,E32_CONTROL_131_FITC.TIF,148,41.86046512,0.418604651,17.81395349,664.9024017,570.3217074,0,22.38888889,0.272727273,0.880736872,2.289330494,0.066413967,0.019985157,0.112640538,0.096191024,0.14726621,0.070020815,0.087304499,0.084456838,0.047277074,0.047277074,0.014313595,0.027940985,0.109490653,567.6695382,458.4219462,0,567.6700287,458.4243856,0,567.7424242,458.4090909,0,664.9024017,570.3217074,0,22.38888889,0.046720922,0.05,0.046720922,0.05,-12.40769017,-12.52038721,0.067714249,1.761393806
32,9,43,Control,E32_CONTROL_132_DAPI.TIF,E32_CONTROL_132_FITC.TIF,149,28.125,0.28125,5.21875,642.7914525,560.90505,0,18.88888889,0.209302326,0.757585596,1.622224235,0.063447369,0.024155387,0.117830823,0.102584631,0.158138826,0.070177886,0.087830301,0.084014757,0.04251802,0.04251802,0.018097373,0.033164971,0.114985249,675.32299,631.1749315,0,675.3235009,631.1607135,0,675.3255814,631.1395349,0,642.7914525,560.90505,0,18.88888889,0.048995346,0.05,0.048995346,0.05,-12.40552449,-12.53284083,0.043852286,2.134592911
33,15,46,Control,E32_CONTROL_133_DAPI.TIF,E32_CONTROL_133_FITC.TIF,150,45.45454545,0.454545455,10.6969697,529.6978241,408.3865211,0,16.93333333,0.326086957,0.736644539,1.61182773,0.063976435,0.022510374,0.103940416,0.099029725,0.153365113,0.069756495,0.087378349,0.083517269,0.045140166,0.045140166,0.016943275,0.031619243,0.11497839,520.7193804,384.926581,0,520.7276453,384.9264484,0,520.6956522,384.9347826,0,529.6978241,408.3865211,0,16.93333333,0.055955969,0.05,0.055955969,0.05,-12.49403754,-12.55230636,0.048446885,2.156486407
21,14,164,Control,E32_CONTROL_134_DAPI.TIF,E32_CONTROL_134_FITC.TIF,151,66.66666667,0.666666667,68.57142857,771.3878073,499.7524314,0,9.785714286,0.085365854,0.875287641,2.074715242,0.065718375,0.030382575,0.126817079,0.11358146,0.177633997,0.072393096,0.095548892,0.092316711,0.037559896,0.037559896,0.022317343,0.039948175,0.129226982,772.9953862,390.6265578,0,773.0000928,390.6302601,0,772.9817073,390.6219512,0,771.3878073,499.7524314,0,9.785714286,0.052472737,0.05,0.052472737,0.05,-12.38160309,-12.96284718,0.031171825,2.42163181
23,19,108,Control,E32_CONTROL_135_DAPI.TIF,E32_CONTROL_135_FITC.TIF,152,82.60869565,0.826086957,41.65217391,595.6533794,390.3846958,0,11.10526316,0.175925926,0.852250988,2.447832931,0.063489964,0.02669587,0.131283338,0.11838924,0.193064352,0.070586331,0.09366839,0.085381082,0.037375421,0.037375421,0.023379488,0.043280287,0.125083323,657.059465,426.9862696,0,657.0537742,426.9848506,0,657.1759259,427,0,624.5730589,403.8945369,0,11.5,0.049190257,0.05,0.049190257,0.05,-12.48045692,-12.86506972,0.030786648,1.637978495
